code,name,group,sub
005930,삼성전자,memory,IDM·메모리
000660,SK하이닉스,memory,IDM·메모리
402340,SK스퀘어,memory,하이닉스 지주
108320,LX세미콘,design,팹리스(DDI)
054450,텔레칩스,design,팹리스(차량용)
399720,가온칩스,design,디자인하우스
200710,에이디테크놀로지,design,디자인하우스
394280,오픈엣지테크놀로지,design,IP
094360,칩스앤미디어,design,IP
080220,제주반도체,design,팹리스(메모리)
102120,어보브반도체,design,팹리스(MCU)
432720,퀄리타스반도체,design,IP
240810,원익IPS,equip_fe,증착(CVD·ALD)
036930,주성엔지니어링,equip_fe,증착(ALD)
084370,유진테크,equip_fe,증착(LPCVD·ALD)
095610,테스,equip_fe,증착·식각
319660,피에스케이,equip_fe,스트립·세정
089970,브이엠(구 에이피티씨),equip_fe,식각
079370,제우스,equip_fe,세정
281820,케이씨텍,equip_fe,CMP·세정
265520,AP시스템,equip_fe,열처리(RTP)
122640,예스티,equip_fe,열처리
403870,HPSP,equip_fe,고압수소 어닐링
039030,이오테크닉스,equip_be,레이저(마킹·커팅·어닐링)
348210,넥스틴,equip_fe,검사(패턴결함)
140860,파크시스템스,equip_fe,계측(AFM)
322310,오로스테크놀로지,equip_fe,계측(오버레이)
036810,에프에스티,equip_fe,펠리클·칠러
083310,엘오티베큠,equip_fe,진공펌프
160980,싸이맥스,equip_fe,웨이퍼 이송
005290,동진쎄미켐,material,PR·CMP슬러리
357780,솔브레인,material,에천트·전구체
014680,한솔케미칼,material,과산화수소·전구체
093370,후성,material,특수가스(NF3)
104830,원익머트리얼즈,material,특수가스
092070,디엔에프,material,전구체
101490,에스앤에스텍,material,블랭크마스크·펠리클
166090,하나머티리얼즈,material,Si 전극·링
101160,월덱스,material,Si·쿼츠 소모품
064760,티씨케이,material,SiC 링
074600,원익QnC,material,쿼츠웨어
281740,레이크머티리얼즈,material,TMA 전구체
102710,이엔에프테크놀로지,material,시너·에천트
112290,영창케미칼,material,PR·린스
146320,비씨엔씨,material,쿼츠·CVD SiC
272110,케이엔제이,material,SiC 링
058470,리노공업,test,테스트핀·소켓
095340,ISC,test,테스트 소켓
131290,티에스이,test,프로브카드·소켓
089030,테크윙,test,핸들러·큐브프로버
232140,와이씨,test,메모리 테스터
092870,엑시콘,test,메모리·SSD 테스터
253590,네오셈,test,SSD·CXL 테스터
003160,디아이,test,번인 테스터
086390,유니테스트,test,메모리 테스터
147760,마이크로프랜드,test,프로브카드
252990,샘씨엔에스,test,세라믹 STF
131970,두산테스나,test,시스템반도체 테스트
042700,한미반도체,equip_be,TC본더(HBM)
067310,하나마이크론,osat,패키징(OSAT)
036540,SFA반도체,osat,패키징(OSAT)
033640,네패스,osat,FO-PLP·범핑
330860,네패스아크,osat,테스트
061970,LB세미콘,osat,범핑·테스트
110990,디아이티,equip_be,레이저 어닐링
031980,피에스케이홀딩스,equip_be,리플로우·디스컴
217190,제너셈,equip_be,패키징 장비
053610,프로텍,equip_be,디스펜서
064290,인텍플러스,equip_be,외관검사
098460,고영,equip_be,3D 검사
200470,에이팩트,osat,메모리 테스트
009150,삼성전기,substrate,FC-BGA 기판
011070,LG이노텍,substrate,FC-BGA 기판
353200,대덕전자,substrate,FC-BGA·MLB
222800,심텍,substrate,메모리 모듈 PCB
195870,해성디에스,substrate,리드프레임·BOC
007660,이수페타시스,substrate,AI서버 MLB
007810,코리아써키트,substrate,패키지 기판
011790,SKC,substrate,유리기판
045100,한양이엔지,infra,클린룸·배관
037350,성도이엔지,infra,클린룸 설비
011930,신성이엔지,infra,클린룸(FFU)
056190,에스에프에이,infra,팹 물류자동화
083450,GST,infra,스크러버·칠러
036200,유니셈,infra,스크러버·칠러
039440,에스티아이,infra,약품공급(CCSS)
