date,value,note
2026-07-07,-542009.0,naver
2026-07-08,88312.0,naver
2026-07-09,-209485.0,naver
2026-07-10,-768843.0,naver
2026-07-13,-704671.0,naver
2026-07-14,664541.0,naver
2026-07-15,331145.0,naver
2026-07-16,-469637.0,naver
2026-07-20,331597.0,naver
2026-07-21,-237417.0,naver
2026-07-22,640418.0,naver
2026-07-23,689697.0,naver
2026-07-24,-976779.0,naver
2026-07-27,-615917.0,naver
2026-07-28,-1826337.0,naver
2026-07-29,-921877.0,naver
2026-07-30,444498.0,naver
2026-07-31,2205767.0,naver
2026-08-03,-1107357.0,naver
2026-08-04,-418552.0,naver
2026-08-05,389804.0,naver
2026-08-06,-1101883.0,naver
2026-08-07,-56357.0,naver
2026-08-10,-286575.0,naver
2026-08-11,-210592.0,naver
2026-08-12,559854.0,naver
2026-08-13,649842.0,naver
2026-08-14,747508.0,naver
2026-08-18,441470.0,naver
2026-08-19,-1199222.0,naver
2026-08-20,312973.0,naver
2026-08-21,6014.0,naver
2026-08-24,-913265.0,naver
2026-08-25,-1234309.0,naver
2026-08-26,-227762.0,naver
2026-08-27,-159385.0,naver
2026-08-28,-190235.0,naver
2026-08-31,-211935.0,naver
2026-09-01,91835.0,naver
2026-09-02,-651507.0,naver
2026-09-03,-234626.0,naver
2026-09-04,308833.0,naver
2026-09-07,772036.0,naver
2026-09-08,97545.0,naver
2026-09-09,41716.0,naver
2026-09-10,-956724.0,naver
2026-09-11,-606502.0,naver
2026-09-14,-1215512.0,naver
2026-09-15,-586836.0,naver
2026-09-16,-262655.0,naver
2026-09-17,-701796.0,naver
2026-09-18,723470.0,naver
2026-09-21,-360986.0,naver
2026-09-22,-217556.0,naver
2026-09-23,-636435.0,naver
2026-09-28,-988534.0,naver
2026-09-29,-885722.0,naver
2026-09-30,-342688.0,naver
2026-10-01,-124087.0,naver
2026-10-02,-115492.0,naver
2026-10-06,-784946.0,naver
2026-10-07,-787785.0,naver
2026-10-08,-513008.0,naver
